{
  "annotations": {
    "list": [
      {
        "builtIn": 1,
        "datasource": "-- Grafana --",
        "enable": true,
        "hide": true,
        "iconColor": "rgba(0, 211, 255, 1)",
        "name": "Annotations & Alerts",
        "type": "dashboard"
      }
    ]
  },
  "editable": true,
  "gnetId": null,
  "graphTooltip": 0,
  "id": null,
  "links": [],
  "panels": [
    {
      "cacheTimeout": null,
      "columns": [],
      "datasource": "hblock-resolver-influxdb",
      "fontSize": "100%",
      "gridPos": {
        "h": 8,
        "w": 6,
        "x": 0,
        "y": 0
      },
      "id": 1,
      "interval": "5s",
      "links": [],
      "options": {},
      "pageSize": null,
      "showHeader": true,
      "sort": {
        "col": null,
        "desc": false
      },
      "styles": [
        {
          "alias": "",
          "pattern": "Time",
          "type": "hidden"
        },
        {
          "alias": "",
          "decimals": 0,
          "pattern": "Value",
          "type": "number",
          "unit": "locale"
        }
      ],
      "targets": [
        {
          "alias": "Total",
          "groupBy": [],
          "orderByTime": "ASC",
          "policy": "default",
          "query": "SELECT SUM(*) FROM (SELECT NON_NEGATIVE_DERIVATIVE(FIRST(\"value\")) FROM \"kresd.request.total\" WHERE $timeFilter GROUP BY TIME($__interval) FILL(null))",
          "rawQuery": true,
          "refId": "A",
          "resultFormat": "time_series",
          "select": [],
          "tags": []
        },
        {
          "alias": "Internal",
          "groupBy": [],
          "orderByTime": "ASC",
          "policy": "default",
          "query": "SELECT SUM(*) FROM (SELECT NON_NEGATIVE_DERIVATIVE(FIRST(\"value\")) FROM \"kresd.request.internal\" WHERE $timeFilter GROUP BY TIME($__interval) FILL(null))",
          "rawQuery": true,
          "refId": "B",
          "resultFormat": "time_series",
          "select": [],
          "tags": []
        },
        {
          "alias": "UDP",
          "groupBy": [],
          "orderByTime": "ASC",
          "policy": "default",
          "query": "SELECT SUM(*) FROM (SELECT NON_NEGATIVE_DERIVATIVE(FIRST(\"value\")) FROM \"kresd.request.udp\" WHERE $timeFilter GROUP BY TIME($__interval) FILL(null))",
          "rawQuery": true,
          "refId": "C",
          "resultFormat": "time_series",
          "select": [],
          "tags": []
        },
        {
          "alias": "TCP",
          "groupBy": [],
          "orderByTime": "ASC",
          "policy": "default",
          "query": "SELECT SUM(*) FROM (SELECT NON_NEGATIVE_DERIVATIVE(FIRST(\"value\")) FROM \"kresd.request.tcp\" WHERE $timeFilter GROUP BY TIME($__interval) FILL(null))",
          "rawQuery": true,
          "refId": "D",
          "resultFormat": "time_series",
          "select": [],
          "tags": []
        },
        {
          "alias": "DoT",
          "groupBy": [],
          "orderByTime": "ASC",
          "policy": "default",
          "query": "SELECT SUM(*) FROM (SELECT NON_NEGATIVE_DERIVATIVE(FIRST(\"value\")) FROM \"kresd.request.dot\" WHERE $timeFilter GROUP BY TIME($__interval) FILL(null))",
          "rawQuery": true,
          "refId": "E",
          "resultFormat": "time_series",
          "select": [],
          "tags": []
        },
        {
          "alias": "DoH",
          "groupBy": [],
          "orderByTime": "ASC",
          "policy": "default",
          "query": "SELECT SUM(*) FROM (SELECT NON_NEGATIVE_DERIVATIVE(FIRST(\"value\")) FROM \"kresd.request.doh\" WHERE $timeFilter GROUP BY TIME($__interval) FILL(null))",
          "rawQuery": true,
          "refId": "F",
          "resultFormat": "time_series",
          "select": [],
          "tags": []
        }
      ],
      "timeFrom": null,
      "timeShift": null,
      "title": "Request counters",
      "transform": "timeseries_to_rows",
      "type": "table"
    },
    {
      "aliasColors": {},
      "bars": false,
      "dashLength": 10,
      "dashes": false,
      "datasource": "hblock-resolver-influxdb",
      "fill": 1,
      "fillGradient": 0,
      "gridPos": {
        "h": 8,
        "w": 18,
        "x": 6,
        "y": 0
      },
      "id": 2,
      "interval": "5s",
      "legend": {
        "avg": false,
        "current": false,
        "max": false,
        "min": false,
        "show": true,
        "total": false,
        "values": false
      },
      "lines": true,
      "linewidth": 1,
      "nullPointMode": "connected",
      "options": {
        "dataLinks": []
      },
      "percentage": false,
      "pointradius": 2,
      "points": false,
      "renderer": "flot",
      "seriesOverrides": [],
      "spaceLength": 10,
      "stack": false,
      "steppedLine": false,
      "targets": [
        {
          "alias": "Total",
          "groupBy": [],
          "orderByTime": "ASC",
          "policy": "default",
          "query": "SELECT NON_NEGATIVE_DERIVATIVE(FIRST(\"value\")) FROM \"kresd.request.total\" WHERE $timeFilter GROUP BY TIME($__interval) FILL(null)",
          "rawQuery": true,
          "refId": "A",
          "resultFormat": "time_series",
          "select": [],
          "tags": []
        },
        {
          "alias": "Internal",
          "groupBy": [],
          "orderByTime": "ASC",
          "policy": "default",
          "query": "SELECT NON_NEGATIVE_DERIVATIVE(FIRST(\"value\")) FROM \"kresd.request.internal\" WHERE $timeFilter GROUP BY TIME($__interval) FILL(null)",
          "rawQuery": true,
          "refId": "B",
          "resultFormat": "time_series",
          "select": [],
          "tags": []
        },
        {
          "alias": "UDP",
          "groupBy": [],
          "orderByTime": "ASC",
          "policy": "default",
          "query": "SELECT NON_NEGATIVE_DERIVATIVE(FIRST(\"value\")) FROM \"kresd.request.udp\" WHERE $timeFilter GROUP BY TIME($__interval) FILL(null)",
          "rawQuery": true,
          "refId": "C",
          "resultFormat": "time_series",
          "select": [],
          "tags": []
        },
        {
          "alias": "TCP",
          "groupBy": [],
          "orderByTime": "ASC",
          "policy": "default",
          "query": "SELECT NON_NEGATIVE_DERIVATIVE(FIRST(\"value\")) FROM \"kresd.request.tcp\" WHERE $timeFilter GROUP BY TIME($__interval) FILL(null)",
          "rawQuery": true,
          "refId": "D",
          "resultFormat": "time_series",
          "select": [],
          "tags": []
        },
        {
          "alias": "DoT",
          "groupBy": [],
          "orderByTime": "ASC",
          "policy": "default",
          "query": "SELECT NON_NEGATIVE_DERIVATIVE(FIRST(\"value\")) FROM \"kresd.request.dot\" WHERE $timeFilter GROUP BY TIME($__interval) FILL(null)",
          "rawQuery": true,
          "refId": "E",
          "resultFormat": "time_series",
          "select": [],
          "tags": []
        },
        {
          "alias": "DoH",
          "groupBy": [],
          "orderByTime": "ASC",
          "policy": "default",
          "query": "SELECT NON_NEGATIVE_DERIVATIVE(FIRST(\"value\")) FROM \"kresd.request.doh\" WHERE $timeFilter GROUP BY TIME($__interval) FILL(null)",
          "rawQuery": true,
          "refId": "F",
          "resultFormat": "time_series",
          "select": [],
          "tags": []
        }
      ],
      "thresholds": [],
      "timeFrom": null,
      "timeRegions": [],
      "timeShift": null,
      "title": "Requests",
      "tooltip": {
        "shared": true,
        "sort": 0,
        "value_type": "individual"
      },
      "type": "graph",
      "xaxis": {
        "buckets": null,
        "mode": "time",
        "name": null,
        "show": true,
        "values": []
      },
      "yaxes": [
        {
          "decimals": 0,
          "format": "short",
          "label": null,
          "logBase": 1,
          "max": null,
          "min": null,
          "show": true
        },
        {
          "decimals": 0,
          "format": "short",
          "label": null,
          "logBase": 1,
          "max": null,
          "min": null,
          "show": true
        }
      ],
      "yaxis": {
        "align": false,
        "alignLevel": null
      }
    },
    {
      "columns": [],
      "datasource": "hblock-resolver-influxdb",
      "fontSize": "100%",
      "gridPos": {
        "h": 7,
        "w": 6,
        "x": 0,
        "y": 8
      },
      "id": 3,
      "interval": "5s",
      "options": {},
      "pageSize": null,
      "showHeader": true,
      "sort": {
        "col": null,
        "desc": false
      },
      "styles": [
        {
          "alias": "",
          "pattern": "Time",
          "type": "hidden"
        },
        {
          "alias": "",
          "decimals": 0,
          "pattern": "Value",
          "type": "number",
          "unit": "locale"
        }
      ],
      "targets": [
        {
          "alias": "Total",
          "groupBy": [],
          "orderByTime": "ASC",
          "policy": "default",
          "query": "SELECT SUM(*) FROM (SELECT NON_NEGATIVE_DERIVATIVE(FIRST(\"value\")) FROM \"kresd.answer.total\" WHERE $timeFilter GROUP BY TIME($__interval) FILL(null))",
          "rawQuery": true,
          "refId": "A",
          "resultFormat": "time_series",
          "select": [],
          "tags": []
        },
        {
          "alias": "Cached",
          "groupBy": [],
          "orderByTime": "ASC",
          "policy": "default",
          "query": "SELECT SUM(*) FROM (SELECT NON_NEGATIVE_DERIVATIVE(FIRST(\"value\")) FROM \"kresd.answer.cached\" WHERE $timeFilter GROUP BY TIME($__interval) FILL(null))",
          "rawQuery": true,
          "refId": "B",
          "resultFormat": "time_series",
          "select": [],
          "tags": []
        }
      ],
      "timeFrom": null,
      "timeShift": null,
      "title": "Answer counters",
      "transform": "timeseries_to_rows",
      "type": "table"
    },
    {
      "aliasColors": {},
      "bars": false,
      "dashLength": 10,
      "dashes": false,
      "datasource": "hblock-resolver-influxdb",
      "fill": 1,
      "fillGradient": 0,
      "gridPos": {
        "h": 7,
        "w": 18,
        "x": 6,
        "y": 8
      },
      "id": 4,
      "interval": "5s",
      "legend": {
        "avg": false,
        "current": false,
        "max": false,
        "min": false,
        "show": true,
        "total": false,
        "values": false
      },
      "lines": true,
      "linewidth": 1,
      "nullPointMode": "connected",
      "options": {
        "dataLinks": []
      },
      "percentage": false,
      "pointradius": 2,
      "points": false,
      "renderer": "flot",
      "seriesOverrides": [],
      "spaceLength": 10,
      "stack": false,
      "steppedLine": false,
      "targets": [
        {
          "alias": "Total",
          "groupBy": [],
          "orderByTime": "ASC",
          "policy": "default",
          "query": "SELECT NON_NEGATIVE_DERIVATIVE(FIRST(\"value\")) FROM \"kresd.answer.total\" WHERE $timeFilter GROUP BY TIME($__interval) FILL(null)",
          "rawQuery": true,
          "refId": "A",
          "resultFormat": "time_series",
          "select": [],
          "tags": []
        },
        {
          "alias": "Cached",
          "groupBy": [],
          "orderByTime": "ASC",
          "policy": "default",
          "query": "SELECT NON_NEGATIVE_DERIVATIVE(FIRST(\"value\")) FROM \"kresd.answer.cached\" WHERE $timeFilter GROUP BY TIME($__interval) FILL(null)",
          "rawQuery": true,
          "refId": "B",
          "resultFormat": "time_series",
          "select": [],
          "tags": []
        }
      ],
      "thresholds": [],
      "timeFrom": null,
      "timeRegions": [],
      "timeShift": null,
      "title": "Answers",
      "tooltip": {
        "shared": true,
        "sort": 0,
        "value_type": "individual"
      },
      "type": "graph",
      "xaxis": {
        "buckets": null,
        "mode": "time",
        "name": null,
        "show": true,
        "values": []
      },
      "yaxes": [
        {
          "decimals": 0,
          "format": "short",
          "label": null,
          "logBase": 1,
          "max": null,
          "min": null,
          "show": true
        },
        {
          "decimals": 0,
          "format": "short",
          "label": null,
          "logBase": 1,
          "max": null,
          "min": null,
          "show": true
        }
      ],
      "yaxis": {
        "align": false,
        "alignLevel": null
      }
    },
    {
      "aliasColors": {},
      "bars": false,
      "dashLength": 10,
      "dashes": false,
      "datasource": "hblock-resolver-influxdb",
      "fill": 1,
      "fillGradient": 0,
      "gridPos": {
        "h": 8,
        "w": 12,
        "x": 0,
        "y": 15
      },
      "id": 5,
      "interval": "5s",
      "legend": {
        "avg": false,
        "current": false,
        "max": false,
        "min": false,
        "show": true,
        "total": false,
        "values": false
      },
      "lines": true,
      "linewidth": 1,
      "nullPointMode": "connected",
      "options": {
        "dataLinks": []
      },
      "percentage": false,
      "pointradius": 2,
      "points": false,
      "renderer": "flot",
      "seriesOverrides": [],
      "spaceLength": 10,
      "stack": false,
      "steppedLine": false,
      "targets": [
        {
          "alias": "NOERROR",
          "groupBy": [],
          "orderByTime": "ASC",
          "policy": "default",
          "query": "SELECT NON_NEGATIVE_DERIVATIVE(FIRST(\"value\")) FROM \"kresd.answer.noerror\" WHERE $timeFilter GROUP BY TIME($__interval) FILL(null)",
          "rawQuery": true,
          "refId": "A",
          "resultFormat": "time_series",
          "select": [],
          "tags": []
        },
        {
          "alias": "NODATA",
          "groupBy": [],
          "orderByTime": "ASC",
          "policy": "default",
          "query": "SELECT NON_NEGATIVE_DERIVATIVE(FIRST(\"value\")) FROM \"kresd.answer.nodata\" WHERE $timeFilter GROUP BY TIME($__interval) FILL(null)",
          "rawQuery": true,
          "refId": "B",
          "resultFormat": "time_series",
          "select": [],
          "tags": []
        },
        {
          "alias": "NXDOMAIN",
          "groupBy": [],
          "orderByTime": "ASC",
          "policy": "default",
          "query": "SELECT NON_NEGATIVE_DERIVATIVE(FIRST(\"value\")) FROM \"kresd.answer.nxdomain\" WHERE $timeFilter GROUP BY TIME($__interval) FILL(null)",
          "rawQuery": true,
          "refId": "C",
          "resultFormat": "time_series",
          "select": [],
          "tags": []
        },
        {
          "alias": "SERVFAIL",
          "groupBy": [],
          "orderByTime": "ASC",
          "policy": "default",
          "query": "SELECT NON_NEGATIVE_DERIVATIVE(FIRST(\"value\")) FROM \"kresd.answer.servfail\" WHERE $timeFilter GROUP BY TIME($__interval) FILL(null)",
          "rawQuery": true,
          "refId": "D",
          "resultFormat": "time_series",
          "select": [],
          "tags": []
        }
      ],
      "thresholds": [],
      "timeFrom": null,
      "timeRegions": [],
      "timeShift": null,
      "title": "Answers categorized by RCODE",
      "tooltip": {
        "shared": true,
        "sort": 0,
        "value_type": "individual"
      },
      "type": "graph",
      "xaxis": {
        "buckets": null,
        "mode": "time",
        "name": null,
        "show": true,
        "values": []
      },
      "yaxes": [
        {
          "decimals": 0,
          "format": "short",
          "label": null,
          "logBase": 1,
          "max": null,
          "min": null,
          "show": true
        },
        {
          "decimals": 0,
          "format": "short",
          "label": null,
          "logBase": 1,
          "max": null,
          "min": null,
          "show": true
        }
      ],
      "yaxis": {
        "align": false,
        "alignLevel": null
      }
    },
    {
      "aliasColors": {},
      "bars": false,
      "dashLength": 10,
      "dashes": false,
      "datasource": "hblock-resolver-influxdb",
      "fill": 1,
      "fillGradient": 0,
      "gridPos": {
        "h": 8,
        "w": 12,
        "x": 12,
        "y": 15
      },
      "id": 6,
      "interval": "5s",
      "legend": {
        "avg": false,
        "current": false,
        "max": false,
        "min": false,
        "show": true,
        "total": false,
        "values": false
      },
      "lines": true,
      "linewidth": 1,
      "nullPointMode": "connected",
      "options": {
        "dataLinks": []
      },
      "percentage": false,
      "pointradius": 2,
      "points": false,
      "renderer": "flot",
      "seriesOverrides": [],
      "spaceLength": 10,
      "stack": false,
      "steppedLine": false,
      "targets": [
        {
          "alias": "1ms",
          "groupBy": [],
          "orderByTime": "ASC",
          "policy": "default",
          "query": "SELECT NON_NEGATIVE_DERIVATIVE(FIRST(\"value\")) FROM \"kresd.answer.1ms\" WHERE $timeFilter GROUP BY TIME($__interval) FILL(null)",
          "rawQuery": true,
          "refId": "A",
          "resultFormat": "time_series",
          "select": [],
          "tags": []
        },
        {
          "alias": "10ms",
          "groupBy": [],
          "orderByTime": "ASC",
          "policy": "default",
          "query": "SELECT NON_NEGATIVE_DERIVATIVE(FIRST(\"value\")) FROM \"kresd.answer.10ms\" WHERE $timeFilter GROUP BY TIME($__interval) FILL(null)",
          "rawQuery": true,
          "refId": "B",
          "resultFormat": "time_series",
          "select": [],
          "tags": []
        },
        {
          "alias": "50ms",
          "groupBy": [],
          "orderByTime": "ASC",
          "policy": "default",
          "query": "SELECT NON_NEGATIVE_DERIVATIVE(FIRST(\"value\")) FROM \"kresd.answer.50ms\" WHERE $timeFilter GROUP BY TIME($__interval) FILL(null)",
          "rawQuery": true,
          "refId": "C",
          "resultFormat": "time_series",
          "select": [],
          "tags": []
        },
        {
          "alias": "100ms",
          "groupBy": [],
          "orderByTime": "ASC",
          "policy": "default",
          "query": "SELECT NON_NEGATIVE_DERIVATIVE(FIRST(\"value\")) FROM \"kresd.answer.100ms\" WHERE $timeFilter GROUP BY TIME($__interval) FILL(null)",
          "rawQuery": true,
          "refId": "D",
          "resultFormat": "time_series",
          "select": [],
          "tags": []
        },
        {
          "alias": "250ms",
          "groupBy": [],
          "orderByTime": "ASC",
          "policy": "default",
          "query": "SELECT NON_NEGATIVE_DERIVATIVE(FIRST(\"value\")) FROM \"kresd.answer.250ms\" WHERE $timeFilter GROUP BY TIME($__interval) FILL(null)",
          "rawQuery": true,
          "refId": "E",
          "resultFormat": "time_series",
          "select": [],
          "tags": []
        },
        {
          "alias": "500ms",
          "groupBy": [],
          "orderByTime": "ASC",
          "policy": "default",
          "query": "SELECT NON_NEGATIVE_DERIVATIVE(FIRST(\"value\")) FROM \"kresd.answer.500ms\" WHERE $timeFilter GROUP BY TIME($__interval) FILL(null)",
          "rawQuery": true,
          "refId": "F",
          "resultFormat": "time_series",
          "select": [],
          "tags": []
        },
        {
          "alias": "1000ms",
          "groupBy": [],
          "orderByTime": "ASC",
          "policy": "default",
          "query": "SELECT NON_NEGATIVE_DERIVATIVE(FIRST(\"value\")) FROM \"kresd.answer.1000ms\" WHERE $timeFilter GROUP BY TIME($__interval) FILL(null)",
          "rawQuery": true,
          "refId": "G",
          "resultFormat": "time_series",
          "select": [],
          "tags": []
        },
        {
          "alias": "1500ms",
          "groupBy": [],
          "orderByTime": "ASC",
          "policy": "default",
          "query": "SELECT NON_NEGATIVE_DERIVATIVE(FIRST(\"value\")) FROM \"kresd.answer.1500ms\" WHERE $timeFilter GROUP BY TIME($__interval) FILL(null)",
          "rawQuery": true,
          "refId": "H",
          "resultFormat": "time_series",
          "select": [],
          "tags": []
        },
        {
          "alias": "Slow",
          "groupBy": [],
          "orderByTime": "ASC",
          "policy": "default",
          "query": "SELECT NON_NEGATIVE_DERIVATIVE(FIRST(\"value\")) FROM \"kresd.answer.slow\" WHERE $timeFilter GROUP BY TIME($__interval) FILL(null)",
          "rawQuery": true,
          "refId": "I",
          "resultFormat": "time_series",
          "select": [],
          "tags": []
        }
      ],
      "thresholds": [],
      "timeFrom": null,
      "timeRegions": [],
      "timeShift": null,
      "title": "Answer latency",
      "tooltip": {
        "shared": true,
        "sort": 0,
        "value_type": "individual"
      },
      "type": "graph",
      "xaxis": {
        "buckets": null,
        "mode": "time",
        "name": null,
        "show": true,
        "values": []
      },
      "yaxes": [
        {
          "decimals": 0,
          "format": "short",
          "label": null,
          "logBase": 1,
          "max": null,
          "min": null,
          "show": true
        },
        {
          "decimals": 0,
          "format": "short",
          "label": null,
          "logBase": 1,
          "max": null,
          "min": null,
          "show": true
        }
      ],
      "yaxis": {
        "align": false,
        "alignLevel": null
      }
    },
    {
      "aliasColors": {},
      "bars": false,
      "dashLength": 10,
      "dashes": false,
      "datasource": "hblock-resolver-influxdb",
      "fill": 1,
      "fillGradient": 0,
      "gridPos": {
        "h": 8,
        "w": 12,
        "x": 0,
        "y": 23
      },
      "id": 7,
      "interval": "5s",
      "legend": {
        "avg": false,
        "current": false,
        "max": false,
        "min": false,
        "show": true,
        "total": false,
        "values": false
      },
      "lines": true,
      "linewidth": 1,
      "nullPointMode": "connected",
      "options": {
        "dataLinks": []
      },
      "percentage": false,
      "pointradius": 2,
      "points": false,
      "renderer": "flot",
      "seriesOverrides": [],
      "spaceLength": 10,
      "stack": false,
      "steppedLine": false,
      "targets": [
        {
          "alias": "AA",
          "groupBy": [],
          "orderByTime": "ASC",
          "policy": "default",
          "query": "SELECT NON_NEGATIVE_DERIVATIVE(FIRST(\"value\")) FROM \"kresd.answer.aa\" WHERE $timeFilter GROUP BY TIME($__interval) FILL(null)",
          "rawQuery": true,
          "refId": "A",
          "resultFormat": "time_series",
          "select": [],
          "tags": []
        },
        {
          "alias": "TC",
          "groupBy": [],
          "orderByTime": "ASC",
          "policy": "default",
          "query": "SELECT NON_NEGATIVE_DERIVATIVE(FIRST(\"value\")) FROM \"kresd.answer.tc\" WHERE $timeFilter GROUP BY TIME($__interval) FILL(null)",
          "rawQuery": true,
          "refId": "B",
          "resultFormat": "time_series",
          "select": [],
          "tags": []
        },
        {
          "alias": "RA",
          "groupBy": [],
          "orderByTime": "ASC",
          "policy": "default",
          "query": "SELECT NON_NEGATIVE_DERIVATIVE(FIRST(\"value\")) FROM \"kresd.answer.ra\" WHERE $timeFilter GROUP BY TIME($__interval) FILL(null)",
          "rawQuery": true,
          "refId": "C",
          "resultFormat": "time_series",
          "select": [],
          "tags": []
        },
        {
          "alias": "RD",
          "groupBy": [],
          "orderByTime": "ASC",
          "policy": "default",
          "query": "SELECT NON_NEGATIVE_DERIVATIVE(FIRST(\"value\")) FROM \"kresd.answer.rd\" WHERE $timeFilter GROUP BY TIME($__interval) FILL(null)",
          "rawQuery": true,
          "refId": "D",
          "resultFormat": "time_series",
          "select": [],
          "tags": []
        },
        {
          "alias": "AD",
          "groupBy": [],
          "orderByTime": "ASC",
          "policy": "default",
          "query": "SELECT NON_NEGATIVE_DERIVATIVE(FIRST(\"value\")) FROM \"kresd.answer.ad\" WHERE $timeFilter GROUP BY TIME($__interval) FILL(null)",
          "rawQuery": true,
          "refId": "E",
          "resultFormat": "time_series",
          "select": [],
          "tags": []
        },
        {
          "alias": "CD",
          "groupBy": [],
          "orderByTime": "ASC",
          "policy": "default",
          "query": "SELECT NON_NEGATIVE_DERIVATIVE(FIRST(\"value\")) FROM \"kresd.answer.cd\" WHERE $timeFilter GROUP BY TIME($__interval) FILL(null)",
          "rawQuery": true,
          "refId": "F",
          "resultFormat": "time_series",
          "select": [],
          "tags": []
        },
        {
          "alias": "DO",
          "groupBy": [],
          "orderByTime": "ASC",
          "policy": "default",
          "query": "SELECT NON_NEGATIVE_DERIVATIVE(FIRST(\"value\")) FROM \"kresd.answer.do\" WHERE $timeFilter GROUP BY TIME($__interval) FILL(null)",
          "rawQuery": true,
          "refId": "G",
          "resultFormat": "time_series",
          "select": [],
          "tags": []
        },
        {
          "alias": "EDNS0",
          "groupBy": [],
          "orderByTime": "ASC",
          "policy": "default",
          "query": "SELECT NON_NEGATIVE_DERIVATIVE(FIRST(\"value\")) FROM \"kresd.answer.edns0\" WHERE $timeFilter GROUP BY TIME($__interval) FILL(null)",
          "rawQuery": true,
          "refId": "H",
          "resultFormat": "time_series",
          "select": [],
          "tags": []
        }
      ],
      "thresholds": [],
      "timeFrom": null,
      "timeRegions": [],
      "timeShift": null,
      "title": "Answer flags",
      "tooltip": {
        "shared": true,
        "sort": 0,
        "value_type": "individual"
      },
      "type": "graph",
      "xaxis": {
        "buckets": null,
        "mode": "time",
        "name": null,
        "show": true,
        "values": []
      },
      "yaxes": [
        {
          "decimals": 0,
          "format": "short",
          "label": null,
          "logBase": 1,
          "max": null,
          "min": null,
          "show": true
        },
        {
          "decimals": 0,
          "format": "short",
          "label": null,
          "logBase": 1,
          "max": null,
          "min": null,
          "show": true
        }
      ],
      "yaxis": {
        "align": false,
        "alignLevel": null
      }
    },
    {
      "aliasColors": {},
      "bars": false,
      "dashLength": 10,
      "dashes": false,
      "datasource": "hblock-resolver-influxdb",
      "fill": 1,
      "fillGradient": 0,
      "gridPos": {
        "h": 8,
        "w": 12,
        "x": 12,
        "y": 23
      },
      "id": 8,
      "interval": "5s",
      "legend": {
        "avg": false,
        "current": false,
        "max": false,
        "min": false,
        "show": true,
        "total": false,
        "values": false
      },
      "lines": true,
      "linewidth": 1,
      "nullPointMode": "connected",
      "options": {
        "dataLinks": []
      },
      "percentage": false,
      "pointradius": 2,
      "points": false,
      "renderer": "flot",
      "seriesOverrides": [],
      "spaceLength": 10,
      "stack": false,
      "steppedLine": false,
      "targets": [
        {
          "alias": "ENDS",
          "groupBy": [],
          "orderByTime": "ASC",
          "policy": "default",
          "query": "SELECT NON_NEGATIVE_DERIVATIVE(FIRST(\"value\")) FROM \"kresd.query.edns\" WHERE $timeFilter GROUP BY TIME($__interval) FILL(null)",
          "rawQuery": true,
          "refId": "A",
          "resultFormat": "time_series",
          "select": [],
          "tags": []
        },
        {
          "alias": "DNSSEC",
          "groupBy": [],
          "orderByTime": "ASC",
          "policy": "default",
          "query": "SELECT NON_NEGATIVE_DERIVATIVE(FIRST(\"value\")) FROM \"kresd.query.dnssec\" WHERE $timeFilter GROUP BY TIME($__interval) FILL(null)",
          "rawQuery": true,
          "refId": "B",
          "resultFormat": "time_series",
          "select": [],
          "tags": []
        }
      ],
      "thresholds": [],
      "timeFrom": null,
      "timeRegions": [],
      "timeShift": null,
      "title": "Query flags",
      "tooltip": {
        "shared": true,
        "sort": 0,
        "value_type": "individual"
      },
      "type": "graph",
      "xaxis": {
        "buckets": null,
        "mode": "time",
        "name": null,
        "show": true,
        "values": []
      },
      "yaxes": [
        {
          "decimals": 0,
          "format": "short",
          "label": null,
          "logBase": 1,
          "max": null,
          "min": null,
          "show": true
        },
        {
          "decimals": 0,
          "format": "short",
          "label": null,
          "logBase": 1,
          "max": null,
          "min": null,
          "show": true
        }
      ],
      "yaxis": {
        "align": false,
        "alignLevel": null
      }
    }
  ],
  "refresh": "5s",
  "schemaVersion": 20,
  "style": "dark",
  "tags": [],
  "templating": {
    "list": []
  },
  "time": {
    "from": "now-1h",
    "to": "now"
  },
  "timepicker": {
    "refresh_intervals": [
      "5s",
      "10s",
      "30s",
      "1m",
      "5m",
      "15m",
      "30m",
      "1h",
      "2h",
      "1d"
    ]
  },
  "timezone": "",
  "title": "hBlock Resolver metrics",
  "uid": null,
  "version": 1
}
