{
  "name": "<%= appname %>",
  "version": "0.0.0",
  "description": "<%= description %>",
  "main": "build/bundle.js",
  "dependencies": {
    "flux": "*",
    "object-assign": "*",
    "react": "*",
    "react-dom": "*"
  },
  "devDependencies": <%= devDependencies %>,
  "scripts": {
    "build": "webpack --config webpack.prod.config.js",
    "dev": "webpack-dev-server --config webpack.dev.config.js --colors --content-base ./build",
    "test": "jest"
  },
  "author": "",
  "license": "",
  "jest": {
    "scriptPreprocessor": "<rootDir>/preprocessor.js",
    "testFileExtensions": <%= testFileExtensions %>,
    "moduleFileExtensions": <%= dialectModuleFileExtensions %>,
    "globals": {
      "SCRIPTS": "<rootDir>/src/scripts"
    },
    "testPathIgnorePatterns": [
      "/node_modules/",
      "<rootDir>/node_modules/"
    ],
    "unmockedModulePathPatterns": [
      "<rootDir>/node_modules/react"
    ]
  }
}
