<?xml version="1.0" ?>
<XML_DIZ_INFO>
	<MASTER_PAD_VERSION_INFO>
		<MASTER_PAD_VERSION>3.10</MASTER_PAD_VERSION>
		<MASTER_PAD_EDITOR>PADGen 3.1.0.41 http://www.padgen.org</MASTER_PAD_EDITOR>
		<MASTER_PAD_INFO>Portable Application Description, or PAD for short, is a data set that is used by shareware authors to disseminate information to anyone interested in their software products. To find out more go to http://www.asp-shareware.org/pad</MASTER_PAD_INFO>
	</MASTER_PAD_VERSION_INFO>
	<Company_Info>
		<Company_Name>Funduc Software</Company_Name>
		<Address_1>PO Box 530904</Address_1>
		<Address_2 />
		<City_Town>Livonia</City_Town>
		<State_Province>MI</State_Province>
		<Zip_Postal_Code>48153</Zip_Postal_Code>
		<Country>USA</Country>
		<Company_WebSite_URL>http://www.funduc.com</Company_WebSite_URL>
		<Contact_Info>
			<Author_First_Name>Mike</Author_First_Name>
			<Author_Last_Name>Funduc</Author_Last_Name>
			<Author_Email>info@funduc.com</Author_Email>
			<Contact_First_Name>Mike</Contact_First_Name>
			<Contact_Last_Name>Funduc</Contact_Last_Name>
			<Contact_Email>support@funduc.com</Contact_Email>
		</Contact_Info>
		<Support_Info>
			<Sales_Email>sales@funduc.com</Sales_Email>
			<Support_Email>support@funduc.com</Support_Email>
			<General_Email>support@funduc.com</General_Email>
			<Sales_Phone>248 812-9820</Sales_Phone>
			<Support_Phone>248 812-9820</Support_Phone>
			<General_Phone>248 812-9820</General_Phone>
			<Fax_Phone>435 921-0900</Fax_Phone>
		</Support_Info>
	</Company_Info>
	<Program_Info>
		<Program_Name>Funduc Software Zip Extractor</Program_Name>
		<Program_Version>2.0</Program_Version>
		<Program_Release_Month>02</Program_Release_Month>
		<Program_Release_Day>20</Program_Release_Day>
		<Program_Release_Year>2011</Program_Release_Year>
		<Program_Cost_Dollars>0.00</Program_Cost_Dollars>
		<Program_Cost_Other_Code />
		<Program_Cost_Other />
		<Program_Type>Freeware</Program_Type>
		<Program_Release_Status>Minor Update</Program_Release_Status>
		<Program_Install_Support>Install and Uninstall</Program_Install_Support>
		<Program_OS_Support>Win2000,Win7 x32,Win7 x64,Win98,WinOther,WinServer,WinVista,WinVista x64,WinXP,Other</Program_OS_Support>
		<Program_Language>English</Program_Language>
		<Program_Change_Info>Documentation Update</Program_Change_Info>
		<Program_Specific_Category>Utilities</Program_Specific_Category>
		<Program_Category_Class>System Utilities::File Compression</Program_Category_Class>
		<Program_System_Requirements>Typical 32 bit windows machine.</Program_System_Requirements>
		<File_Info>
			<File_Size_Bytes>322043</File_Size_Bytes>
			<File_Size_K>314</File_Size_K>
			<File_Size_MB>0.31</File_Size_MB>
		</File_Info>
		<Expire_Info>
			<Has_Expire_Info>N</Has_Expire_Info>
			<Expire_Count />
			<Expire_Based_On>Days</Expire_Based_On>
			<Expire_Other_Info />
			<Expire_Month />
			<Expire_Day />
			<Expire_Year />
		</Expire_Info>
	</Program_Info>
	<Program_Descriptions>
		<English>
			<Keywords>zip, self-extract, archive, compression, freeware, Funduc, Directory Toolkit</Keywords>
			<Char_Desc_45>Create self-extracting zips</Char_Desc_45>
			<Char_Desc_80>Create self-extracting zips that will unzip when you click on them.</Char_Desc_80>
			<Char_Desc_250>This freeware self-extractor "stub" is used to create self-extracting .zip files. When launched as an .exe the extractor allows some or all files to be extracted. Various prompts are offered while unzipping - overwrite &amp; preservation of directories.</Char_Desc_250>
			<Char_Desc_450>This freeware self-extractor "stub" is used to create self-extracting .zip files. When launched as an .exe the extractor allows some or all files to be extracted. It can recreate the paths in the Zip (default) or flatten the directory structure. When launched, the self-extractor will prompt for a path to extract to, whether or not to overwrite existing files, and whether or not to preserve the directory structure in the .zip (if present).</Char_Desc_450>
			<Char_Desc_2000>This self-extractor "stub" is used to create self-extracting .zip files. When launched as an .exe the extractor allows some or all files to be extracted. It can recreate the paths in the Zip (default) or flatten the directory structure. When launched, the self-extractor will prompt for a path to extract to, whether or not to overwrite existing files, and whether or not to preserve the directory structure in the .zip (if present). Freeware.</Char_Desc_2000>
		</English>
	</Program_Descriptions>
	<Web_Info>
		<Application_URLs>
			<Application_Info_URL>http://www.funduc.com/fszipx.htm</Application_Info_URL>
			<Application_Order_URL />
			<Application_Screenshot_URL>http://www.funduc.com/images/fszipx.gif</Application_Screenshot_URL>
			<Application_Icon_URL>http://www.funduc.com/images/dticon.gif</Application_Icon_URL>
			<Application_XML_File_URL>http://www.funduc.com/pad/fsxpad.xml</Application_XML_File_URL>
		</Application_URLs>
		<Download_URLs>
			<Primary_Download_URL>http://www.funduc.com/ftp/fsx.exe</Primary_Download_URL>
			<Secondary_Download_URL>ftp://ftp.funduc.com/ftp/fsx.exe</Secondary_Download_URL>
			<Additional_Download_URL_1 />
			<Additional_Download_URL_2 />
		</Download_URLs>
	</Web_Info>
	<Permissions>
		<Distribution_Permissions>Shareware reviewers and shareware distributors may distribute the
shareware and freeware versions of Funduc Software products on any
CD-ROMs or other distribution media without asking for specific
permission.  We only request that you use the most recent versions
available when you prepare your distribution media. The latest
versions are available from our web sites at http://www.funduc.com
and http://www.searchandreplace.com. 

You may not sell the shareware or freeware versions as 'for sale'
products. You may not charge a special premium for any Funduc
Software product that is unique from the ordinary distribution
fees for your entire distribution.

Funduc Software warrants that our products are free from any third
party ownership claims. 

You must distribute the entire shareware or freeware package for
any given product. The "entire package" consist of all files
installed by our executable installers or all files contained in
the archived .zip versions of our shareware and freeware programs
as downloaded our web sites at http://www.funduc.com and
http://www.searchandreplace.com.</Distribution_Permissions>
		<EULA>Funduc Software Zip Extractor (FSZipX)
Copyright (c) 1999-2010 by Funduc Software Inc.
All rights reserved.

LICENSE AGREEMENT AND WARRANTY DISCLAIMER

You should carefully read the following terms and conditions
before using this software. Use of this software indicates your
acceptance of these terms and conditions. If you do not agree with
them, do not use the software.

FREEWARE VERSION LICENSE

You are free to use the program for as long as you like at no cost.

You may not decompile or reverse engineer 
Funduc Software Zip Extractor (FSZipX) in any manner.

RESTRICTIONS

You are prohibited by law from selling, renting, leasing, loaning,
or donating the program or documentation in whole or in part
without specific advance agreement between yourself and Funduc
Software, Inc. You are prohibited by law from redistributing the
program by any method or in any form except to the specific
individuals for whom the software was purchased. You are
prohibited from decompiling, reverse engineering, disassembling,
or otherwise reducing the program to human readable form for any
purposes whatsoever. You may not modify the program or
documentation in any manner. You are prohibited from permitting
anyone else from undertaking any of the above actions.

GOVERNING LAW

This agreement shall be governed by the laws of the State of
Michigan, United States.

DISCLAIMER OF WARRANTY

This software and the accompanying files are sold "as is" and
without warranties as to performance of merchantability or any
other warranties whether expressed or implied. In particular,
there is no warranty for the string Replacing feature.

Good data processing procedure dictates that any program be
thoroughly tested with non-critical data before relying on it. The
user must assume the entire risk of using the program. Any
liability of the seller will be limited exclusively to product
replacement or refund of purchase price.</EULA>
	</Permissions>
	<Affiliates>
		<Affiliates_FORM>Y</Affiliates_FORM>
		<Affiliates_VERSION>1.4</Affiliates_VERSION>
		<Affiliates_URL>http://www.asp-shareware.org/pad/extensions/Affiliates.htm</Affiliates_URL>
		<Affiliates_Information_Page />
		<Affiliates_Avangate_Order_Page />
		<Affiliates_Avangate_Vendor_ID />
		<Affiliates_Avangate_Product_ID />
		<Affiliates_Avangate_Maximum_Commission_Rate />
		<Affiliates_BMTMicro_Order_Page />
		<Affiliates_BMTMicro_Vendor_ID />
		<Affiliates_BMTMicro_Product_ID />
		<Affiliates_BMTMicro_Maximum_Commission_Rate />
		<Affiliates_Cleverbridge_Order_Page />
		<Affiliates_Cleverbridge_Vendor_ID />
		<Affiliates_Cleverbridge_Product_ID />
		<Affiliates_Cleverbridge_Maximum_Commission_Rate />
		<Affiliates_clixGalore_Order_Page />
		<Affiliates_clixGalore_Vendor_ID />
		<Affiliates_clixGalore_Product_ID />
		<Affiliates_clixGalore_Maximum_Commission_Rate />
		<Affiliates_CommissionJunction_Order_Page />
		<Affiliates_CommissionJunction_Vendor_ID />
		<Affiliates_CommissionJunction_Product_ID />
		<Affiliates_CommissionJunction_Maximum_Commission_Rate />
		<Affiliates_DigiBuy_Order_Page />
		<Affiliates_DigiBuy_Vendor_ID />
		<Affiliates_DigiBuy_Product_ID />
		<Affiliates_DigiBuy_Maximum_Commission_Rate />
		<Affiliates_DigitalCandle_Order_Page />
		<Affiliates_DigitalCandle_Vendor_ID />
		<Affiliates_DigitalCandle_Product_ID />
		<Affiliates_DigitalCandle_Maximum_Commission_Rate />
		<Affiliates_Emetrix_Order_Page />
		<Affiliates_Emetrix_Vendor_ID />
		<Affiliates_Emetrix_Product_ID />
		<Affiliates_Emetrix_Maximum_Commission_Rate />
		<Affiliates_eSellerate_Order_Page />
		<Affiliates_eSellerate_Vendor_ID />
		<Affiliates_eSellerate_Product_ID />
		<Affiliates_eSellerate_Maximum_Commission_Rate />
		<Affiliates_Kagi_Order_Page />
		<Affiliates_Kagi_Vendor_ID />
		<Affiliates_Kagi_Product_ID />
		<Affiliates_Kagi_Maximum_Commission_Rate />
		<Affiliates_LinkShare_Order_Page />
		<Affiliates_LinkShare_Vendor_ID />
		<Affiliates_LinkShare_Product_ID />
		<Affiliates_LinkShare_Maximum_Commission_Rate />
		<Affiliates_NorthStarSol_Order_Page />
		<Affiliates_NorthStarSol_Vendor_ID />
		<Affiliates_NorthStarSol_Product_ID />
		<Affiliates_NorthStarSol_Maximum_Commission_Rate />
		<Affiliates_OneNetworkDirect_Order_Page />
		<Affiliates_OneNetworkDirect_Vendor_ID />
		<Affiliates_OneNetworkDirect_Product_ID />
		<Affiliates_OneNetworkDirect_Maximum_Commission_Rate />
		<Affiliates_Order1_Order_Page />
		<Affiliates_Order1_Vendor_ID />
		<Affiliates_Order1_Product_ID />
		<Affiliates_Order1_Maximum_Commission_Rate />
		<Affiliates_Osolis_Order_Page />
		<Affiliates_Osolis_Vendor_ID />
		<Affiliates_Osolis_Product_ID />
		<Affiliates_Osolis_Maximum_Commission_Rate />
		<Affiliates_Plimus_Order_Page />
		<Affiliates_Plimus_Vendor_ID />
		<Affiliates_Plimus_Product_ID />
		<Affiliates_Plimus_Maximum_Commission_Rate />
		<Affiliates_Regnet_Order_Page />
		<Affiliates_Regnet_Vendor_ID />
		<Affiliates_Regnet_Product_ID />
		<Affiliates_Regnet_Maximum_Commission_Rate />
		<Affiliates_Regnow_Order_Page />
		<Affiliates_Regnow_Vendor_ID />
		<Affiliates_Regnow_Product_ID />
		<Affiliates_Regnow_Maximum_Commission_Rate />
		<Affiliates_Regsoft_Order_Page />
		<Affiliates_Regsoft_Vendor_ID />
		<Affiliates_Regsoft_Product_ID />
		<Affiliates_Regsoft_Maximum_Commission_Rate />
		<Affiliates_ShareIt_Order_Page />
		<Affiliates_ShareIt_Vendor_ID />
		<Affiliates_ShareIt_Product_ID />
		<Affiliates_ShareIt_Maximum_Commission_Rate />
		<Affiliates_Shareasale_Order_Page />
		<Affiliates_Shareasale_Vendor_ID />
		<Affiliates_Shareasale_Product_ID />
		<Affiliates_Shareasale_Maximum_Commission_Rate />
		<Affiliates_SWReg_Order_Page />
		<Affiliates_SWReg_Vendor_ID />
		<Affiliates_SWReg_Product_ID />
		<Affiliates_SWReg_Maximum_Commission_Rate />
		<Affiliates_V-Share_Order_Page />
		<Affiliates_V-Share_Vendor_ID />
		<Affiliates_V-Share_Product_ID />
		<Affiliates_V-Share_Maximum_Commission_Rate />
		<Affiliates_VFree_Order_Page />
		<Affiliates_VFree_Vendor_ID />
		<Affiliates_VFree_Product_ID />
		<Affiliates_VFree_Maximum_Commission_Rate />
		<Affiliates_Yaskifo_Order_Page />
		<Affiliates_Yaskifo_Vendor_ID />
		<Affiliates_Yaskifo_Product_ID />
		<Affiliates_Yaskifo_Maximum_Commission_Rate />
	</Affiliates>
	<ASP>
		<ASP_FORM>Y</ASP_FORM>
		<ASP_Member>N</ASP_Member>
		<ASP_Member_Number />
	</ASP>
</XML_DIZ_INFO>
