{
  "Entries": [
    {
      "VersionCode": 2020262,
      "Title": "Changes in version 2.2.2",
      "Messages": [
        "Fix crash due to inconsistency when exporting to GPX file.",
        "Fix crash when collecting on some Xiaomi phones."
      ]
    },
    {
      "VersionCode": 2020161,
      "Title": "Changes in version 2.2.1",
      "Messages": [
        "Fix language code for Hebrew.",
        "Improved error handling."
      ]
    },
    {
      "VersionCode": 2020059,
      "Title": "Changes in version 2.2.0",
      "Description": "<b>!Important!</b> Mozilla decided to <a href=\"https://blog.mozilla.org/services/2019/09/03/a-new-policy-for-mozilla-location-service/\">limit API usage</a> of their location service. The older versions of Tower Collector will not be able to contribute to MLS project from March 1, 2020.<br /><i>The OpenCellID API keys are remain valid and don't need to be changed.</i>",
      "Messages": [
        "Adjusted MLS integration for upload usage limitations.",
        "Added option to export to multiple file types at once.",
        "Added option to compress each exported file.",
        "Added confirmation for delete action after export.",
        "Added Hebrew translation. Thanks Yaron Shahrabani!",
        "Improved support for RTL languages.",
        "Updated translations.",
        "Small fixes and improvements.",
        "Updated external components."
      ]
    },
    {
      "VersionCode": 2010555,
      "Title": "Changes in version 2.1.5",
      "Messages": [
        "Fix crash when starting collector.",
        "Improve look of shortcut icons on some launchers."
      ]
    },
    {
      "VersionCode": 2010454,
      "Title": "Changes in version 2.1.4",
      "Messages": [
        "Fix crash when stopping collector service if not fully initialized.",
        "Fix crash when no active SIM cards on collector start.",
        "Show warning when GPS not available while starting collecting through intent.",
        "Enforce secure connections."
      ]
    }
  ]
}